datetime,variable,observation,site_id
2015-09-08,wood,44.2027039003462,OSBS
2015-09-08,som,NA,OSBS
2016-09-15,wood,48.66385769860334,OSBS
2016-09-15,som,NA,OSBS
2018-01-17,wood,47.69366852621236,OSBS
2018-01-17,som,NA,OSBS
2020-01-16,wood,42.700046350061086,OSBS
2020-01-16,som,NA,OSBS
2021-02-22,wood,42.51155771187891,OSBS
2021-02-22,som,NA,OSBS
2021-12-02,wood,39.47465775597082,OSBS
2021-12-02,som,NA,OSBS
2022-11-08,wood,40.877543653499245,OSBS
2022-11-08,som,NA,OSBS
2017-12-27,wood,NA,OSBS
2017-12-27,som,NA,OSBS
2019-01-14,wood,NA,OSBS
2019-01-14,som,NA,OSBS
2016-01-01,wood,NA,OSBS
2016-01-01,som,NA,OSBS
2021-01-01,wood,NA,OSBS
2021-01-01,som,NA,OSBS
2012-01-01,wood,NA,OSBS
2012-01-01,som,49.080858087231064,OSBS
2012-01-01,lai,1,OSBS
2012-01-09,lai,1.1,OSBS
2012-01-17,lai,0.9,OSBS
2012-01-25,lai,1,OSBS
2012-02-02,lai,1.2000000000000002,OSBS
2012-02-10,lai,1.3,OSBS
2012-02-18,lai,1.2000000000000002,OSBS
2012-02-26,lai,1.3,OSBS
2012-03-13,lai,1.3,OSBS
2012-03-21,lai,1.8,OSBS
2012-04-06,lai,2.1,OSBS
2012-05-16,lai,1.9000000000000001,OSBS
2012-06-01,lai,2,OSBS
2012-06-09,lai,2,OSBS
2012-06-25,lai,1.9000000000000001,OSBS
2012-08-04,lai,1.8,OSBS
2012-08-20,lai,1.7000000000000002,OSBS
2012-08-28,lai,1.7000000000000002,OSBS
2012-09-05,lai,1.8,OSBS
2012-09-13,lai,1.6,OSBS
2012-09-21,lai,1.4000000000000001,OSBS
2012-10-07,lai,1.4000000000000001,OSBS
2012-10-31,lai,1.4000000000000001,OSBS
2012-11-16,lai,1.3,OSBS
2012-12-02,lai,0.9,OSBS
2012-12-10,lai,0.9,OSBS
2012-12-18,lai,1,OSBS
2012-12-26,lai,0.8,OSBS
2013-01-01,lai,0.7000000000000001,OSBS
2013-01-09,lai,0.9,OSBS
2013-01-17,lai,0.9,OSBS
2013-01-25,lai,1,OSBS
2013-02-02,lai,0.8,OSBS
2013-02-10,lai,1.1,OSBS
2013-02-18,lai,1,OSBS
2013-03-14,lai,0.9,OSBS
2013-04-15,lai,1.6,OSBS
2013-05-01,lai,1.4000000000000001,OSBS
2013-06-18,lai,1.7000000000000002,OSBS
2013-07-04,lai,1.5,OSBS
2013-08-13,lai,1.7000000000000002,OSBS
2013-09-30,lai,1.2000000000000002,OSBS
2013-10-16,lai,1.5,OSBS
2013-11-01,lai,0.9,OSBS
2013-11-09,lai,1.1,OSBS
2013-11-17,lai,1,OSBS
2013-12-03,lai,0.9,OSBS
2013-12-11,lai,1,OSBS
2013-12-19,lai,1,OSBS
2013-12-27,lai,0.9,OSBS
2014-01-01,lai,0.9,OSBS
2014-01-17,lai,1,OSBS
2014-02-02,lai,1.1,OSBS
2014-02-18,lai,1.2000000000000002,OSBS
2014-03-06,lai,1.2000000000000002,OSBS
2014-03-14,lai,1.2000000000000002,OSBS
2014-03-22,lai,1.2000000000000002,OSBS
2014-04-15,lai,1.3,OSBS
2014-04-23,lai,1.5,OSBS
2014-05-09,lai,2,OSBS
2014-05-25,lai,1.4000000000000001,OSBS
2014-06-02,lai,1.6,OSBS
2014-06-10,lai,1.9000000000000001,OSBS
2014-06-18,lai,2.1,OSBS
2014-07-12,lai,2,OSBS
2014-07-28,lai,1.9000000000000001,OSBS
2014-08-05,lai,2,OSBS
2014-08-13,lai,1.7000000000000002,OSBS
2014-08-21,lai,1.8,OSBS
2014-09-06,lai,1,OSBS
2014-10-08,lai,1.5,OSBS
2014-10-24,lai,1.4000000000000001,OSBS
2014-11-17,lai,1,OSBS
2014-12-19,lai,1.2000000000000002,OSBS
2014-12-27,lai,1,OSBS
2015-01-25,lai,1,OSBS
2015-02-02,lai,1.1,OSBS
2015-02-10,lai,1.4000000000000001,OSBS
2015-02-18,lai,1.2000000000000002,OSBS
2015-03-06,lai,1.2000000000000002,OSBS
2015-03-14,lai,1.6,OSBS
2015-03-30,lai,1.8,OSBS
2015-05-01,lai,1.8,OSBS
2015-05-17,lai,1.7000000000000002,OSBS
2015-05-25,lai,1.9000000000000001,OSBS
2015-06-10,lai,2.2,OSBS
2015-06-26,lai,2.1,OSBS
2015-07-04,lai,2.1,OSBS
2015-07-12,lai,1.5,OSBS
2015-07-20,lai,1.9000000000000001,OSBS
2015-07-28,lai,1.9000000000000001,OSBS
2015-08-05,lai,2,OSBS
2015-08-21,lai,1.7000000000000002,OSBS
2015-08-29,lai,2,OSBS
2015-10-08,lai,1.6,OSBS
2015-10-24,lai,1.2000000000000002,OSBS
2015-11-01,lai,1.4000000000000001,OSBS
2015-11-17,lai,1.3,OSBS
2016-01-17,lai,0.9,OSBS
2016-01-25,lai,1.1,OSBS
2016-02-10,lai,1.3,OSBS
2016-02-26,lai,1.2000000000000002,OSBS
2016-03-13,lai,1.6,OSBS
2016-03-21,lai,1.2000000000000002,OSBS
2016-03-29,lai,1.8,OSBS
2016-04-30,lai,1.8,OSBS
2016-05-08,lai,1.9000000000000001,OSBS
2016-05-16,lai,2.1,OSBS
2016-05-24,lai,1.8,OSBS
2016-06-01,lai,2,OSBS
2016-06-09,lai,2.1,OSBS
2016-06-25,lai,1.5,OSBS
2016-07-19,lai,2.5,OSBS
2016-11-24,lai,1.2000000000000002,OSBS
2016-12-10,lai,1.1,OSBS
2016-12-18,lai,1,OSBS
2016-12-26,lai,1.1,OSBS
2017-01-01,lai,0.9,OSBS
2017-01-09,lai,1.1,OSBS
2017-01-17,lai,1,OSBS
2017-01-25,lai,1,OSBS
2017-02-02,lai,1.4000000000000001,OSBS
2017-02-10,lai,1.4000000000000001,OSBS
2017-02-18,lai,1.4000000000000001,OSBS
2017-02-26,lai,1.4000000000000001,OSBS
2017-03-14,lai,1.4000000000000001,OSBS
2017-03-22,lai,1,OSBS
2017-03-30,lai,1.7000000000000002,OSBS
2017-04-07,lai,1.8,OSBS
2017-05-01,lai,1.8,OSBS
2017-05-09,lai,1.9000000000000001,OSBS
2017-05-17,lai,1.9000000000000001,OSBS
2017-05-25,lai,1.8,OSBS
2017-06-18,lai,1.6,OSBS
2017-07-20,lai,2.5,OSBS
2017-08-29,lai,1.9000000000000001,OSBS
2017-09-06,lai,1.8,OSBS
2017-09-14,lai,1.9000000000000001,OSBS
2017-11-09,lai,1.5,OSBS
2018-01-01,lai,0.9,OSBS
2018-01-09,lai,1,OSBS
2018-01-17,lai,1.1,OSBS
2018-01-25,lai,1,OSBS
2018-02-02,lai,1.4000000000000001,OSBS
2018-02-10,lai,1.2000000000000002,OSBS
2018-02-18,lai,1.2000000000000002,OSBS
2018-02-26,lai,1,OSBS
2018-03-14,lai,1,OSBS
2018-03-30,lai,1.5,OSBS
2018-04-07,lai,1.3,OSBS
2018-04-15,lai,1.5,OSBS
2018-06-18,lai,2,OSBS
2018-07-04,lai,1.5,OSBS
2018-07-28,lai,1.7000000000000002,OSBS
2018-08-13,lai,1.8,OSBS
2018-08-29,lai,1.8,OSBS
2018-09-30,lai,1.4000000000000001,OSBS
2018-11-17,lai,1.4000000000000001,OSBS
2018-12-19,lai,1,OSBS
2018-12-27,lai,1,OSBS
2019-01-01,lai,1,OSBS
2019-01-09,lai,0.8,OSBS
2019-01-17,lai,1,OSBS
2019-02-02,lai,1.2000000000000002,OSBS
2019-02-18,lai,1.6,OSBS
2019-03-14,lai,1.5,OSBS
2019-03-22,lai,1.7000000000000002,OSBS
2019-04-07,lai,1.4000000000000001,OSBS
2019-04-15,lai,1.6,OSBS
2019-04-23,lai,1.6,OSBS
2019-06-02,lai,1.6,OSBS
2019-06-26,lai,2,OSBS
2019-07-04,lai,1.6,OSBS
2019-07-12,lai,2,OSBS
2019-07-20,lai,1.3,OSBS
2019-07-28,lai,1.8,OSBS
2019-08-05,lai,1.9000000000000001,OSBS
2019-08-13,lai,1.4000000000000001,OSBS
2019-08-21,lai,1.6,OSBS
2019-09-06,lai,1.7000000000000002,OSBS
2019-09-14,lai,1.6,OSBS
2019-11-17,lai,1.1,OSBS
2019-12-03,lai,1,OSBS
2019-12-19,lai,1,OSBS
2019-12-27,lai,1,OSBS
2020-01-01,lai,1,OSBS
2020-01-09,lai,0.9,OSBS
2020-01-17,lai,1,OSBS
2020-01-25,lai,1.2000000000000002,OSBS
2020-02-02,lai,1.3,OSBS
2020-02-10,lai,1.1,OSBS
2020-02-26,lai,1.3,OSBS
2020-03-05,lai,1.1,OSBS
2020-03-13,lai,1,OSBS
2020-04-06,lai,1.6,OSBS
2020-04-30,lai,1.5,OSBS
2020-06-01,lai,1.5,OSBS
2020-06-09,lai,1.8,OSBS
2020-06-17,lai,1.8,OSBS
2020-07-11,lai,1.7000000000000002,OSBS
2020-08-20,lai,1.6,OSBS
2020-08-28,lai,1.5,OSBS
2020-09-05,lai,1.8,OSBS
2020-09-13,lai,1.8,OSBS
2020-10-07,lai,1.5,OSBS
2020-10-23,lai,1.3,OSBS
2020-12-02,lai,1.1,OSBS
2020-12-10,lai,0.9,OSBS
2020-12-18,lai,1.2000000000000002,OSBS
2020-12-26,lai,1.1,OSBS
2021-01-01,lai,1.1,OSBS
2021-01-09,lai,1,OSBS
2021-01-17,lai,1,OSBS
2021-01-25,lai,1.2000000000000002,OSBS
2021-02-10,lai,1.1,OSBS
2021-02-18,lai,1.2000000000000002,OSBS
2021-03-06,lai,1.3,OSBS
2021-03-22,lai,1.5,OSBS
2021-03-30,lai,1.6,OSBS
2021-04-07,lai,1.7000000000000002,OSBS
2021-04-15,lai,1.9000000000000001,OSBS
2021-04-23,lai,1.8,OSBS
2021-05-01,lai,1.6,OSBS
2021-05-17,lai,1.6,OSBS
2021-06-26,lai,1.3,OSBS
2021-07-12,lai,1.6,OSBS
2021-07-20,lai,1.5,OSBS
2021-07-28,lai,1.7000000000000002,OSBS
2021-08-13,lai,1.8,OSBS
2021-08-21,lai,1.4000000000000001,OSBS
2021-09-06,lai,1.2000000000000002,OSBS
2021-09-22,lai,1.6,OSBS
2021-09-30,lai,1.4000000000000001,OSBS
2021-11-17,lai,1,OSBS
2021-11-25,lai,1.1,OSBS
2021-12-11,lai,1,OSBS
2021-12-19,lai,1,OSBS
2021-12-27,lai,1,OSBS
2022-01-01,lai,0.9,OSBS
2022-01-09,lai,1,OSBS
2022-01-25,lai,1,OSBS
2022-02-10,lai,1.3,OSBS
2022-02-18,lai,1.2000000000000002,OSBS
2022-02-26,lai,1.2000000000000002,OSBS
2022-03-14,lai,1.5,OSBS
2022-03-22,lai,1.5,OSBS
2022-03-30,lai,1.5,OSBS
2022-04-15,lai,1.6,OSBS
2022-05-01,lai,1.3,OSBS
2022-05-09,lai,1.9000000000000001,OSBS
2022-05-17,lai,1.2000000000000002,OSBS
2022-06-02,lai,1.6,OSBS
2022-06-10,lai,1.8,OSBS
2022-07-12,lai,1.6,OSBS
2022-07-20,lai,1.5,OSBS
2022-07-28,lai,1.6,OSBS
2022-08-05,lai,1.4000000000000001,OSBS
2022-09-06,lai,1.7000000000000002,OSBS
2022-09-14,lai,1.8,OSBS
2022-09-22,lai,1.6,OSBS
2022-09-30,lai,1.5,OSBS
2022-10-24,lai,1.4000000000000001,OSBS
2022-11-17,lai,1,OSBS
2022-11-25,lai,1.1,OSBS
2022-12-03,lai,1,OSBS
2022-12-11,lai,1,OSBS
2022-12-19,lai,1,OSBS
2022-12-27,lai,1,OSBS
2023-01-09,lai,1,OSBS
2023-01-17,lai,0.9,OSBS
2023-01-25,lai,1,OSBS
2023-02-02,lai,1,OSBS
2023-02-10,lai,1.2000000000000002,OSBS
2023-02-18,lai,1.1,OSBS
2023-03-06,lai,1.3,OSBS
2023-03-14,lai,1.3,OSBS
2023-03-22,lai,1.3,OSBS
2023-03-30,lai,1.3,OSBS
2023-04-15,lai,1.5,OSBS
2023-04-23,lai,1.5,OSBS
2023-05-01,lai,1.6,OSBS
2023-05-09,lai,1.6,OSBS
2023-05-25,lai,1.8,OSBS
2023-06-02,lai,1.7000000000000002,OSBS
2023-06-18,lai,1.6,OSBS
2023-06-26,lai,1.9000000000000001,OSBS
2023-07-04,lai,1.9000000000000001,OSBS
2023-07-20,lai,1.7000000000000002,OSBS
2023-08-05,lai,1.6,OSBS
2023-08-13,lai,1.9000000000000001,OSBS
2023-08-21,lai,1.9000000000000001,OSBS
2023-09-22,lai,1.7000000000000002,OSBS
2023-10-16,lai,1.5,OSBS
2023-10-24,lai,1.5,OSBS
2023-11-09,lai,1,OSBS
2023-11-17,lai,1.1,OSBS
2023-11-25,lai,1,OSBS
2023-12-03,lai,1,OSBS
2023-12-11,lai,1,OSBS
2023-12-19,lai,1,OSBS
2023-12-27,lai,1.1,OSBS
2024-01-01,lai,1.1,OSBS
2019-09-16,nee,0.00306356684713165,OSBS
2019-09-17,nee,0.006288545083732122,OSBS
2019-09-18,nee,-0.01866574083103372,OSBS
2019-09-19,nee,-0.00924902460268123,OSBS
2019-09-20,nee,-0.0141172322532325,OSBS
2019-09-21,nee,-0.008746777050202856,OSBS
2019-09-22,nee,-0.005518099912388101,OSBS
2019-09-23,nee,-0.009497102721607342,OSBS
2019-09-24,nee,-0.0064761578736745274,OSBS
2019-09-25,nee,-0.004475499709437753,OSBS
2019-09-26,nee,-0.005109472046222046,OSBS
2019-09-27,nee,-0.0011894484583347353,OSBS
2019-09-28,nee,0.0052262040817988974,OSBS
2019-09-29,nee,0.0047367399441919315,OSBS
2019-09-30,nee,-0.013817639283670425,OSBS
2019-10-01,nee,-0.004622300372712627,OSBS
2019-10-02,nee,-0.005358022218446731,OSBS
2019-10-03,nee,-0.01894689312479057,OSBS
2019-10-04,nee,-0.0015660007624190145,OSBS
2019-10-05,nee,-0.01914980156782873,OSBS
2019-10-06,nee,-0.004985758082531413,OSBS
2019-10-07,nee,0.0046766254664638495,OSBS
2019-10-09,nee,-0.005053096361366015,OSBS
2019-10-10,nee,-0.009273420106085567,OSBS
2019-10-11,nee,-0.00795854447469202,OSBS
2019-10-12,nee,-0.005134483975521031,OSBS
2019-10-13,nee,0.006637029486562416,OSBS
2019-10-14,nee,0.006591200271340867,OSBS
2019-10-16,nee,0.007495802565164323,OSBS
2019-10-17,nee,-0.011550499846834794,OSBS
2019-10-18,nee,0.002180590961129602,OSBS
2019-10-20,nee,0.0013204828811337796,OSBS
2019-10-21,nee,0.023916972229945252,OSBS
2019-10-22,nee,-0.0037934068098395735,OSBS
2019-10-24,nee,0.006494393815431955,OSBS
2019-10-25,nee,0.012912286515026801,OSBS
2019-10-26,nee,0.00693554861130192,OSBS
2019-10-27,nee,0.013402709577150807,OSBS
2019-10-28,nee,0.0068512495396639995,OSBS
2019-10-29,nee,-0.0022734536253735307,OSBS
2019-10-30,nee,3.217302494554504e-4,OSBS
2019-11-05,nee,0.005817370899567987,OSBS
2019-11-06,nee,0.0016428814310661308,OSBS
2019-11-07,nee,6.103434872870927e-4,OSBS
2019-11-08,nee,0.005443475942929492,OSBS
2019-11-09,nee,-0.022789479072529425,OSBS
2019-11-10,nee,-0.01569267158530459,OSBS
2019-11-11,nee,-0.009467405560217763,OSBS
2019-11-12,nee,-0.015640816496517832,OSBS
2019-11-13,nee,-0.014024657656264242,OSBS
2019-11-14,nee,-0.004660928866603306,OSBS
2019-11-19,nee,-0.006153349812499326,OSBS
2019-11-20,nee,-0.014854745322718604,OSBS
2019-11-21,nee,-0.012919359254530041,OSBS
2019-11-22,nee,-0.004698620194042406,OSBS
2019-11-23,nee,-0.009809049553510541,OSBS
2019-11-24,nee,-0.004293245164717145,OSBS
2019-12-17,nee,0.007013630597276941,OSBS
2019-12-18,nee,-0.0030333287986069398,OSBS
2019-12-19,nee,-0.012388040655228817,OSBS
2019-12-20,nee,-0.008703192185184712,OSBS
2019-12-21,nee,-0.0040144520927657395,OSBS
2019-12-22,nee,0.02621886714242938,OSBS
2019-12-24,nee,0.009150786000049732,OSBS
2019-12-25,nee,-0.0031577053042882277,OSBS
2019-12-26,nee,-0.00782896554467628,OSBS
2019-12-27,nee,0.0028812728553257666,OSBS
2019-12-28,nee,-4.419782744852411e-4,OSBS
2019-12-30,nee,0.02389596894119439,OSBS
2019-12-31,nee,-0.004086144018205917,OSBS
2020-01-01,nee,-0.010555941990518845,OSBS
2020-01-02,nee,-0.012342719192096323,OSBS
2020-01-03,nee,-0.0029235491206227294,OSBS
2020-01-04,nee,0.032144231924830555,OSBS
2020-01-05,nee,-0.007094731649826035,OSBS
2020-01-06,nee,-0.010073547485039549,OSBS
2020-01-07,nee,-0.015701347816467152,OSBS
2020-01-08,nee,-0.009177959648919421,OSBS
2020-01-09,nee,-0.007980641430570489,OSBS
2020-01-10,nee,-4.587105467936238e-4,OSBS
2020-01-11,nee,0.011538023833501571,OSBS
2020-01-12,nee,0.02570694788027559,OSBS
2020-01-13,nee,0.006858036240903658,OSBS
2020-01-14,nee,0.009993693985937621,OSBS
2020-01-15,nee,0.028636720920350613,OSBS
2020-01-16,nee,0.0021949258255727355,OSBS
2020-01-17,nee,-0.003010258438947291,OSBS
2020-01-18,nee,-0.009015307154180328,OSBS
2020-01-19,nee,0.011146536656928965,OSBS
2020-01-20,nee,-0.005977373399298209,OSBS
2020-01-21,nee,-0.006874807545050535,OSBS
2020-01-23,nee,-0.002053687371826133,OSBS
2020-01-24,nee,-0.0010443552631986884,OSBS
2020-01-26,nee,-0.012905558683940443,OSBS
2020-01-27,nee,-0.005204233336439078,OSBS
2020-01-28,nee,-0.014146161347255288,OSBS
2020-01-29,nee,0.002298731220532139,OSBS
2020-01-30,nee,-0.0017029849557688506,OSBS
2020-01-31,nee,-0.0044867562441574865,OSBS
2020-02-02,nee,-0.012883979993269026,OSBS
2020-02-03,nee,-0.019097413301927074,OSBS
2020-02-04,nee,-0.025171058754942174,OSBS
2020-02-05,nee,-0.010844892110616964,OSBS
2020-02-06,nee,-0.006220240697639505,OSBS
2020-02-10,nee,0.0097202127773529,OSBS
2020-02-11,nee,8.744760942102974e-4,OSBS
2020-02-12,nee,-0.0038973975831548863,OSBS
2020-02-13,nee,0.006988526383423002,OSBS
2020-02-14,nee,0.00553882645729822,OSBS
2020-02-15,nee,-0.017193182908912436,OSBS
2020-02-16,nee,-0.005235599625073557,OSBS
2020-02-19,nee,-0.01011355715846088,OSBS
2020-02-20,nee,-0.004077945027480468,OSBS
2020-02-21,nee,-0.0027791232715932883,OSBS
2020-02-22,nee,-0.0187689732212829,OSBS
2020-02-23,nee,-0.0157553491157189,OSBS
2020-02-24,nee,-0.01745833070669899,OSBS
2020-02-25,nee,0.020355786441777615,OSBS
2020-02-27,nee,-0.009562540993296526,OSBS
2020-02-28,nee,-0.011744390954347284,OSBS
2020-03-02,nee,-0.010733433692140904,OSBS
2020-03-03,nee,-0.002889313303291599,OSBS
2020-03-04,nee,-0.004646808048527286,OSBS
2020-03-05,nee,0.007591866073800928,OSBS
2020-03-06,nee,5.4661619110969506e-5,OSBS
2020-03-07,nee,-0.011265421926612711,OSBS
2020-03-08,nee,-0.017842259650048996,OSBS
2020-03-09,nee,-0.009140577307175535,OSBS
2020-03-10,nee,-0.008627132381160248,OSBS
2020-03-11,nee,-0.008949959074376589,OSBS
2020-03-12,nee,0.014419664539110625,OSBS
2020-03-13,nee,-0.0014152585532338621,OSBS
2020-03-14,nee,-0.010334181113812515,OSBS
2020-03-15,nee,-0.007032471848146824,OSBS
2020-03-16,nee,5.499661879542102e-4,OSBS
2020-03-17,nee,-0.006780510769554457,OSBS
2020-03-20,nee,-0.004486778232541174,OSBS
2020-03-21,nee,0.010160036598048523,OSBS
2020-03-22,nee,-7.296334073113946e-4,OSBS
2020-03-23,nee,0.0030891465947347537,OSBS
2020-03-24,nee,-6.86061335043637e-4,OSBS
2020-03-25,nee,-6.20470294017772e-5,OSBS
2020-03-26,nee,-0.008367259472754967,OSBS
2020-03-27,nee,0.0030669782119293527,OSBS
2020-03-28,nee,0.009840791971500028,OSBS
2020-03-29,nee,-0.0022086430325388077,OSBS
2020-03-30,nee,-0.012503758445884437,OSBS
2020-03-31,nee,-0.008375307772870834,OSBS
2020-04-01,nee,-3.38899648754635e-4,OSBS
2020-04-02,nee,-0.011979309124968982,OSBS
2020-04-04,nee,-0.002546902943989216,OSBS
2020-04-05,nee,0.017533734595473294,OSBS
2020-04-06,nee,-0.016348188492280875,OSBS
2020-04-07,nee,-0.004513183566884887,OSBS
2020-04-08,nee,0.002806072051790429,OSBS
2020-04-09,nee,-4.891450514546684e-4,OSBS
2020-04-10,nee,-0.009789201213100219,OSBS
2020-04-11,nee,-0.02385582675356882,OSBS
2020-04-12,nee,-2.3513463615333342e-4,OSBS
2020-04-13,nee,0.011670169835222713,OSBS
2020-04-14,nee,0.025095216685579604,OSBS
2020-04-16,nee,-0.03517705934012628,OSBS
2020-04-17,nee,-0.015306400440377265,OSBS
2020-04-18,nee,0.018635258846162055,OSBS
2020-04-19,nee,-0.001738067439884756,OSBS
2020-04-20,nee,0.0036958899437961536,OSBS
2020-04-21,nee,-0.006766349316118825,OSBS
2020-04-22,nee,-0.015198887224085451,OSBS
2020-04-23,nee,-0.006109904048836366,OSBS
2020-04-24,nee,0.0077146819138644886,OSBS
2020-04-25,nee,-0.015852017311164368,OSBS
2020-04-26,nee,-0.010121322871859184,OSBS
2020-04-27,nee,-0.0176237246644645,OSBS
2020-04-28,nee,-0.03219266670785291,OSBS
2020-04-29,nee,-0.017452600529410153,OSBS
2020-04-30,nee,-0.016285368398337323,OSBS
2020-05-01,nee,-0.017221587665568066,OSBS
2020-05-02,nee,-0.02065980262132143,OSBS
2020-05-03,nee,-0.008406327008866107,OSBS
2020-05-04,nee,-0.007515665233751221,OSBS
2020-05-05,nee,-0.008557687407359278,OSBS
2020-05-06,nee,-0.008676073071670887,OSBS
2020-05-07,nee,-0.02077174448059851,OSBS
2020-05-08,nee,-0.021534926389848122,OSBS
2020-05-09,nee,-0.027893787299184868,OSBS
2020-05-10,nee,-0.0014284770025237224,OSBS
2020-05-11,nee,-0.008666042455117548,OSBS
2020-05-18,nee,-0.01129625402910385,OSBS
2020-05-19,nee,-0.01416418427918957,OSBS
2020-05-20,nee,-0.01245414297882154,OSBS
2020-05-21,nee,-0.013665391686649887,OSBS
2020-05-22,nee,-0.0039524785056651406,OSBS
2020-05-23,nee,0.0031531084997949437,OSBS
2020-05-24,nee,-0.010252372535809486,OSBS
2020-05-25,nee,0.01476798458857988,OSBS
2020-05-26,nee,0.002239144649647038,OSBS
2020-05-27,nee,-0.007250038319604343,OSBS
2020-05-28,nee,0.026012923265666777,OSBS
2020-05-29,nee,-0.015101147046337238,OSBS
2020-05-31,nee,0.004291589864361673,OSBS
2020-06-01,nee,-0.015280725627558445,OSBS
2020-06-02,nee,-0.02353343195681869,OSBS
2020-06-03,nee,-0.011227242451956363,OSBS
2020-06-06,nee,0.017547256911880384,OSBS
2020-06-08,nee,-0.011171719650245484,OSBS
2020-06-09,nee,-0.019967163886903932,OSBS
2020-06-10,nee,-0.005807706702306805,OSBS
2020-06-11,nee,-0.002335561152245515,OSBS
2020-06-12,nee,-0.003479503327104128,OSBS
2020-06-13,nee,-0.043504360628795896,OSBS
2020-06-14,nee,-0.01961649269723846,OSBS
2020-06-15,nee,0.0012650263789991045,OSBS
2020-06-16,nee,-0.015519170460048486,OSBS
2020-06-17,nee,-0.02180589741749552,OSBS
2020-06-18,nee,-0.0220169730292573,OSBS
2020-06-19,nee,-0.014725925507982296,OSBS
2020-06-20,nee,-0.005797822114239567,OSBS
2020-06-21,nee,-0.009049676074403176,OSBS
2020-06-22,nee,-0.023416112555642105,OSBS
2020-06-23,nee,-0.0068736416149889215,OSBS
2020-06-24,nee,0.015376897700103365,OSBS
2020-06-30,nee,-0.0011038181596963231,OSBS
2020-07-01,nee,-0.017949115602315754,OSBS
2020-07-02,nee,-0.020634066275711873,OSBS
2020-07-03,nee,-0.0031320258078283048,OSBS
2020-07-04,nee,-0.030527182984434742,OSBS
2020-07-05,nee,0.0022542703759523245,OSBS
2020-07-06,nee,-0.005499990494228907,OSBS
2020-07-07,nee,-0.011821616411119631,OSBS
2020-07-08,nee,-0.009902495608169866,OSBS
2020-07-10,nee,-0.022086042926236532,OSBS
2020-07-11,nee,0.0010451622684864144,OSBS
2020-07-12,nee,-0.009786949413832026,OSBS
2020-07-13,nee,-0.013814021086808006,OSBS
2020-07-14,nee,-0.008270926691245961,OSBS
2020-07-17,nee,0.009926250773518368,OSBS
2020-07-18,nee,-0.01800358261522144,OSBS
2020-07-19,nee,-0.01810553944720782,OSBS
2020-07-20,nee,0.003027365831004396,OSBS
2020-07-21,nee,-0.008737269083564828,OSBS
2020-07-22,nee,-0.005188684402657438,OSBS
2020-07-23,nee,0.0011828776240181325,OSBS
2020-07-24,nee,-0.007514640249213106,OSBS
2020-07-25,nee,-0.007896786743686924,OSBS
2020-07-26,nee,0.007213532156772219,OSBS
2020-07-27,nee,-0.008856354375669211,OSBS
2020-07-28,nee,-0.014841796282202507,OSBS
2020-07-29,nee,0.018951020453375957,OSBS
2020-07-30,nee,-0.005315315167286735,OSBS
2020-07-31,nee,0.0017246611983487306,OSBS
2020-08-02,nee,0.016242210394319216,OSBS
2020-08-04,nee,-0.00110747284484986,OSBS
2020-08-05,nee,-0.0015634169632243481,OSBS
2020-08-08,nee,-0.04354321088846858,OSBS
2020-08-09,nee,-0.011303482144775454,OSBS
2020-08-10,nee,-0.009369189825004696,OSBS
2020-08-11,nee,0.01074202814541162,OSBS
2020-08-12,nee,-0.01231898037694792,OSBS
2020-08-13,nee,-0.024077922129959378,OSBS
2020-08-14,nee,0.003276376347748183,OSBS
2020-08-15,nee,0.006956281052813731,OSBS
2020-08-16,nee,0.0024365114291072265,OSBS
2020-08-17,nee,0.0022605755566207256,OSBS
2020-09-18,nee,0.007746320253104014,OSBS
2020-09-19,nee,0.0339808784742198,OSBS
2020-09-21,nee,-0.011478097591303069,OSBS
2020-09-22,nee,-0.007877036282344164,OSBS
2020-09-23,nee,-0.0025379609827050186,OSBS
2020-09-24,nee,-0.0027267412387000974,OSBS
2020-09-25,nee,-0.002352742741371674,OSBS
2020-09-26,nee,-0.005975404981580573,OSBS
2020-09-27,nee,0.004448886358883092,OSBS
2020-09-29,nee,0.0016906051634936329,OSBS
2020-09-30,nee,-0.016209540585558787,OSBS
2020-10-01,nee,-0.027874902689622838,OSBS
2020-10-02,nee,-0.018646441793033274,OSBS
2020-10-03,nee,-0.019818880224615105,OSBS
2020-10-04,nee,0.017747117970619276,OSBS
2020-10-06,nee,-0.0013345879950399276,OSBS
2020-10-07,nee,0.02326550504434053,OSBS
2020-10-08,nee,0.0011571636661975304,OSBS
2020-10-09,nee,0.008839700969235243,OSBS
2020-10-10,nee,-0.003635936059062657,OSBS
2020-10-11,nee,0.003737716432999651,OSBS
2020-10-12,nee,-0.010481387397924034,OSBS
2020-10-13,nee,-0.017470640863067845,OSBS
2020-10-14,nee,-0.004232024835187306,OSBS
2020-10-15,nee,-0.012061144191669829,OSBS
2020-10-16,nee,-0.015919359686457017,OSBS
2020-10-17,nee,-0.012205748166177902,OSBS
2020-10-18,nee,-0.005133909335766657,OSBS
2020-10-19,nee,0.0062475588821747086,OSBS
2020-10-20,nee,0.005445935347109733,OSBS
2020-10-21,nee,0.015552508180253053,OSBS
2020-10-23,nee,0.013504980359579295,OSBS
2020-10-24,nee,-0.010692565137303942,OSBS
2020-10-25,nee,4.862276040764422e-4,OSBS
2020-10-26,nee,0.004082578084466017,OSBS
2020-10-27,nee,0.017038303935308342,OSBS
2020-10-28,nee,0.00270935226377407,OSBS
2020-10-29,nee,0.004189519672382795,OSBS
2020-10-30,nee,-0.0027431110359912836,OSBS
2020-10-31,nee,-0.016684670819076732,OSBS
2020-11-01,nee,3.722835671638037e-4,OSBS
2020-11-02,nee,-0.0034849157720546675,OSBS
2020-11-03,nee,-0.012684882163605431,OSBS
2020-11-04,nee,-0.006371070079927131,OSBS
2020-11-05,nee,-0.011238374881682759,OSBS
2020-11-06,nee,-0.0013950658080689954,OSBS
2020-11-07,nee,0.005087685495830673,OSBS
2020-11-08,nee,0.008566925648517146,OSBS
2020-11-09,nee,0.02316202707060327,OSBS
2020-11-10,nee,0.008191987508791637,OSBS
2020-11-11,nee,0.033036118361619536,OSBS
2020-11-14,nee,-0.029873336494877282,OSBS
2020-11-15,nee,0.002624807977913806,OSBS
2020-11-16,nee,-8.04285847414931e-4,OSBS
2020-11-17,nee,-0.007509744110476716,OSBS
2020-12-20,nee,0.003069504314033873,OSBS
2020-12-22,nee,-0.005008917971301698,OSBS
2020-12-23,nee,-0.008859773772695574,OSBS
2020-12-24,nee,0.002366654299096004,OSBS
2020-12-25,nee,-0.00606759031846092,OSBS
2020-12-26,nee,-0.0061436066220447874,OSBS
2020-12-27,nee,-0.018648105492376558,OSBS
2020-12-28,nee,-0.006215373297148353,OSBS
2020-12-29,nee,-0.007111247548244024,OSBS
2020-12-30,nee,-0.00833803376673389,OSBS
2020-12-31,nee,3.396077183490823e-4,OSBS
2021-01-01,nee,0.007351119357158605,OSBS
2021-01-02,nee,0.01187468989479057,OSBS
2021-01-03,nee,0.002595670819642771,OSBS
2021-01-04,nee,-0.009440821261256263,OSBS
2021-01-05,nee,-0.012525670271505395,OSBS
2021-01-06,nee,-0.012635299783795958,OSBS
2021-01-07,nee,-0.010685422950055177,OSBS
2021-01-08,nee,-0.006761493502728794,OSBS
2021-01-09,nee,-0.0017728086520576742,OSBS
2021-01-10,nee,-0.012997079445772797,OSBS
2021-01-11,nee,-0.01288684861468744,OSBS
2021-01-12,nee,0.005729162448223924,OSBS
2021-01-13,nee,-0.0035369763984930296,OSBS
2021-01-14,nee,-0.012998799262754764,OSBS
2021-01-15,nee,-0.012901854431563109,OSBS
2021-01-16,nee,-0.017097376026650197,OSBS
2021-01-17,nee,-0.02175322738028162,OSBS
2021-01-18,nee,-0.011268263396921933,OSBS
2021-01-19,nee,-0.024118471733412084,OSBS
2021-01-20,nee,-0.011192620973773807,OSBS
2021-01-21,nee,-0.011666078203422879,OSBS
2021-01-22,nee,0.0032497712479835896,OSBS
2021-01-23,nee,0.010809987790823655,OSBS
2021-01-24,nee,0.0039411437024380915,OSBS
2021-01-25,nee,0.0012340539749217585,OSBS
2021-01-27,nee,4.772170172513183e-4,OSBS
2021-01-28,nee,-0.010417004299188768,OSBS
2021-01-29,nee,-0.01637915165086218,OSBS
2021-01-30,nee,-0.005049886710276736,OSBS
2021-01-31,nee,-0.0025276146250393493,OSBS
2021-02-01,nee,0.004548562873214616,OSBS
2021-02-02,nee,-0.006787574885304479,OSBS
2021-02-03,nee,-0.010207231117462488,OSBS
2021-02-04,nee,-0.01679725974123523,OSBS
2021-02-05,nee,0.008055743334907889,OSBS
2021-02-08,nee,-0.004621941301606275,OSBS
2021-02-09,nee,0.006458654022279417,OSBS
2021-02-10,nee,-0.002959445077389411,OSBS
2021-02-12,nee,0.01659289719701593,OSBS
2021-02-14,nee,0.0049898694934898055,OSBS
2021-02-17,nee,-0.011542137031298097,OSBS
2021-02-18,nee,-0.019416123719049307,OSBS
2021-02-20,nee,-0.024783825984715173,OSBS
2021-02-21,nee,-0.011661455548607976,OSBS
2021-02-22,nee,-0.009751059888578037,OSBS
2021-02-23,nee,-0.01877685898869889,OSBS
2021-02-24,nee,-0.014674744620848269,OSBS
2021-02-25,nee,-0.011278502639320804,OSBS
2021-02-26,nee,-0.006860441507903277,OSBS
2021-02-27,nee,-0.01197594625980294,OSBS
2021-02-28,nee,-0.0031842493694845364,OSBS
2021-03-01,nee,-0.005000141719203053,OSBS
2021-03-02,nee,0.01168050484279263,OSBS
2021-03-04,nee,-0.018863923176252732,OSBS
2021-03-05,nee,-0.018416962660039095,OSBS
2021-03-06,nee,-0.0012424410358325105,OSBS
2021-03-07,nee,-0.016879198577953933,OSBS
2021-03-08,nee,-0.019667507038081695,OSBS
2021-03-09,nee,-0.00939889540266063,OSBS
2021-03-10,nee,-0.009469027728433383,OSBS
2021-03-11,nee,-0.011468894793310215,OSBS
2021-03-12,nee,-0.01581434704957644,OSBS
2021-03-13,nee,-0.020683393864378008,OSBS
2021-03-15,nee,-0.02597016942674674,OSBS
2021-03-16,nee,-0.0043068206329651285,OSBS
2021-03-17,nee,0.002551060306723307,OSBS
2021-03-18,nee,0.016851102597252556,OSBS
2021-03-19,nee,-0.006675069715713355,OSBS
2021-03-20,nee,-0.007561584576941933,OSBS
2021-03-21,nee,0.0051159151873014265,OSBS
2021-03-23,nee,-0.0112948674159124,OSBS
2021-03-24,nee,-0.021376254220799647,OSBS
2021-03-25,nee,-0.006429766230128228,OSBS
2021-03-26,nee,0.005368914882353125,OSBS
2021-03-27,nee,-0.003972637965654355,OSBS
2021-03-28,nee,0.0020811276005856215,OSBS
2021-03-29,nee,-0.016822224470636835,OSBS
2021-03-30,nee,-0.002273264419539303,OSBS
2021-03-31,nee,-0.0014045896936395392,OSBS
2021-04-01,nee,-0.011349634307241363,OSBS
2021-04-02,nee,-0.015507678016316296,OSBS
2021-04-04,nee,-0.016624693081668102,OSBS
2021-04-05,nee,-0.027873904051458637,OSBS
2021-04-06,nee,-0.01875593049771939,OSBS
2021-04-07,nee,-0.017662930215537657,OSBS
2021-04-08,nee,-0.018811179692461672,OSBS
2021-04-09,nee,-0.021881307211762444,OSBS
2021-04-10,nee,-0.009999711507980355,OSBS
2021-04-11,nee,-0.0011754339053322257,OSBS
2021-04-12,nee,-0.012101735834934747,OSBS
2021-04-13,nee,-0.012909560884011979,OSBS
2021-04-16,nee,-0.004111686508190545,OSBS
2021-04-22,nee,-0.014158403137427996,OSBS
2021-04-23,nee,-0.008449707424221041,OSBS
2021-04-24,nee,-0.023829176599009558,OSBS
2021-04-25,nee,0.0018701724288814326,OSBS
2021-04-26,nee,-0.009046987686353584,OSBS
2021-04-27,nee,-0.009951997366484227,OSBS
2021-04-28,nee,-0.020612784620697582,OSBS
2021-05-14,nee,-0.0174239501794396,OSBS
2021-05-15,nee,-0.021942597328654095,OSBS
2021-05-16,nee,-0.009594467441035027,OSBS
2021-05-17,nee,-0.006420809474289583,OSBS
2021-05-18,nee,-0.0016353808654547138,OSBS
2021-05-20,nee,-0.009834686102945156,OSBS
2021-05-21,nee,-0.007709209012504476,OSBS
2021-06-23,nee,0.002780370272847533,OSBS
2021-06-25,nee,0.017342347801439128,OSBS
2021-06-27,nee,0.02138427486927684,OSBS
2021-06-28,nee,0.005176288535393703,OSBS
2021-07-02,nee,-0.004108498656499487,OSBS
2021-07-03,nee,0.006849165451650401,OSBS
2021-07-04,nee,0.01923239131769319,OSBS
2021-07-06,nee,0.007840636477677498,OSBS
2021-07-09,nee,0.0010454159695281375,OSBS
2021-07-10,nee,-0.017979525315848083,OSBS
2021-07-13,nee,-0.011101807145253393,OSBS
2021-07-14,nee,-0.012055827112105445,OSBS
2021-07-15,nee,-0.019194034720987865,OSBS
2021-07-20,nee,0.0044963430220617,OSBS
2021-07-21,nee,0.005039308664161039,OSBS
2021-07-22,nee,-0.015784902593514685,OSBS
2021-07-23,nee,6.763389149415512e-4,OSBS
2021-07-24,nee,-0.033888463615477135,OSBS
2021-07-25,nee,-0.02532480453334296,OSBS
2021-07-26,nee,-0.016554917577491113,OSBS
2021-07-27,nee,0.003890970809571949,OSBS
2021-07-28,nee,0.0038459950704817086,OSBS
2021-07-29,nee,-0.01114698136203444,OSBS
2021-07-30,nee,-0.01226367333874079,OSBS
2021-07-31,nee,-0.0102971299089345,OSBS
2021-08-01,nee,-0.008497284153670646,OSBS
2021-08-02,nee,-0.011602833541712735,OSBS
2021-08-04,nee,-0.011004050585383158,OSBS
2021-08-05,nee,0.0285998823512427,OSBS
2021-08-06,nee,-0.00670186443452393,OSBS
2021-08-09,nee,-0.012831012699286121,OSBS
2021-08-10,nee,-0.011633042470428304,OSBS
2021-08-11,nee,-0.01909736886876884,OSBS
2021-08-13,nee,-0.023277852825949862,OSBS
2021-08-14,nee,-2.18630822837437e-5,OSBS
2021-08-15,nee,-0.0031092970218738244,OSBS
2021-08-16,nee,0.013082677720302962,OSBS
2021-08-17,nee,0.0074545984394187815,OSBS
2021-08-18,nee,0.0010535399751296528,OSBS
2021-08-19,nee,-0.001212286934561954,OSBS
2021-08-20,nee,0.004380788519450663,OSBS
2021-08-21,nee,-0.008910939219416582,OSBS
2021-08-22,nee,0.01568550879162702,OSBS
2021-08-23,nee,0.007983877242564804,OSBS
2021-08-25,nee,-0.014541198783948368,OSBS
2021-08-26,nee,0.005349789216136367,OSBS
2021-08-27,nee,0.002067987334903187,OSBS
2021-08-28,nee,-0.0020896543673046713,OSBS
2021-08-29,nee,-0.005927019532430139,OSBS
2021-08-30,nee,-0.010041837183106327,OSBS
2021-08-31,nee,-0.013915523013162344,OSBS
2021-09-01,nee,0.022764725930491118,OSBS
2021-09-02,nee,-0.007806724501906472,OSBS
2021-09-03,nee,-0.015654806298207372,OSBS
2021-09-04,nee,-0.016083829009031023,OSBS
2021-09-05,nee,-0.011340364299574015,OSBS
2021-09-06,nee,-0.027348085882552112,OSBS
2021-09-07,nee,-0.03437930958744983,OSBS
2021-09-08,nee,-0.012714476859534331,OSBS
2021-09-09,nee,-0.014765134450215676,OSBS
2021-09-10,nee,-0.008747133310659195,OSBS
2021-09-11,nee,-1.4892217910125342e-4,OSBS
2021-09-13,nee,-0.0010434738013843817,OSBS
2021-09-14,nee,-0.006034167503978228,OSBS
2021-09-15,nee,-0.005886291365493579,OSBS
2021-09-16,nee,-0.010463918105735256,OSBS
2021-09-17,nee,-0.0032364120523123946,OSBS
2021-09-20,nee,0.01660050581090764,OSBS
2021-09-21,nee,0.013266342355873798,OSBS
2021-09-22,nee,-0.008308653565434072,OSBS
2021-09-23,nee,-0.008329596794813928,OSBS
2021-09-24,nee,-0.01523602853901937,OSBS
2021-09-25,nee,2.904022008721925e-4,OSBS
2021-09-26,nee,9.255679212538997e-4,OSBS
2021-09-27,nee,-0.015991430140377648,OSBS
2021-09-28,nee,-9.339746649740913e-4,OSBS
2021-09-29,nee,-0.009164384727452256,OSBS
2021-09-30,nee,-0.009108384974619228,OSBS
2021-10-01,nee,0.0020760976113524295,OSBS
2021-10-02,nee,0.004674746377718783,OSBS
2021-10-03,nee,-0.0036998927338453085,OSBS
2021-10-04,nee,-0.01698560565639373,OSBS
2021-10-05,nee,0.010531416838820296,OSBS
2021-10-07,nee,0.022016101784433948,OSBS
2021-10-08,nee,0.024012112473719465,OSBS
2021-10-09,nee,-0.006752339752921843,OSBS
2021-10-10,nee,-0.0011317580067061704,OSBS
2021-10-11,nee,-0.009405095764929924,OSBS
2021-10-12,nee,-0.0013304732443120443,OSBS
2021-10-13,nee,-0.005762183065352597,OSBS
2021-10-14,nee,9.528398076584574e-4,OSBS
2021-10-15,nee,-0.012442942264159576,OSBS
2021-10-16,nee,-0.0030035240043294097,OSBS
2021-10-17,nee,-0.01343761108155269,OSBS
2021-10-18,nee,-0.03065784037037925,OSBS
2021-10-19,nee,-0.008510950472316094,OSBS
2021-10-20,nee,-0.011971927149105673,OSBS
2021-10-21,nee,-0.004917181729767694,OSBS
2021-10-22,nee,-0.00787605216599027,OSBS
2021-10-23,nee,-0.012165300094670095,OSBS
2021-10-24,nee,0.004342259025748954,OSBS
2021-10-25,nee,0.005583366194554392,OSBS
2021-10-26,nee,4.07345090667519e-5,OSBS
2021-10-27,nee,-0.013180749916278685,OSBS
2021-10-28,nee,0.01202535407264176,OSBS
2021-10-29,nee,0.010920757389741725,OSBS
2021-10-30,nee,-0.011151644266284759,OSBS
2021-10-31,nee,-0.010853657864095645,OSBS
2021-11-18,nee,0.008832427981333801,OSBS
2021-11-19,nee,-0.004326128001266637,OSBS
2021-11-20,nee,-0.008166361697767986,OSBS
2021-11-21,nee,-0.0068194199277375415,OSBS
2021-11-24,nee,-0.021469153103620887,OSBS
2021-11-25,nee,-0.012958769626388034,OSBS
2021-11-26,nee,0.0044560501282544405,OSBS
2021-11-27,nee,-0.009559454488152493,OSBS
2021-11-28,nee,-0.013491117499579746,OSBS
2021-11-29,nee,-0.008171101460899213,OSBS
2021-11-30,nee,-0.012575569572514099,OSBS
2021-12-01,nee,-0.017295831340371035,OSBS
2021-12-02,nee,-0.0070676549438785374,OSBS
2021-12-03,nee,-0.0036881364934869387,OSBS
2021-12-04,nee,-0.0165819524386071,OSBS
2021-12-05,nee,-0.01123461039597619,OSBS
2021-12-06,nee,-0.010179188722531778,OSBS
2021-12-10,nee,-0.019104062704320076,OSBS
2021-12-11,nee,5.82709115993852e-4,OSBS
2021-12-12,nee,0.0037666631833996596,OSBS
2021-12-13,nee,4.2303942308410947e-4,OSBS
2021-12-14,nee,0.0035329189909811694,OSBS
2021-12-15,nee,7.655370605883226e-4,OSBS
2021-12-17,nee,1.0192263755459121e-4,OSBS
2021-12-18,nee,0.0027873845885123755,OSBS
2021-12-19,nee,0.025941114459046004,OSBS
2021-12-23,nee,-0.012500186837650725,OSBS
2021-12-24,nee,-0.011737719739625736,OSBS
2021-12-25,nee,-0.009149059087284415,OSBS
2021-12-26,nee,-0.006553083567865259,OSBS
2021-12-28,nee,-0.005380265142827238,OSBS
2021-12-29,nee,0.006394624251748887,OSBS
2021-12-30,nee,0.0032180992563687117,OSBS
2021-12-31,nee,0.005641790012307883,OSBS
2022-01-02,nee,0.009104917133369984,OSBS
2022-01-03,nee,0.004694554238474733,OSBS
2022-01-04,nee,-0.007292099461558731,OSBS
2022-01-05,nee,-0.007004681443402755,OSBS
2022-01-06,nee,-0.006968676932345673,OSBS
2022-01-07,nee,-0.0019079384417984054,OSBS
2022-01-08,nee,0.001152123399891339,OSBS
2022-01-09,nee,-0.009008696969433513,OSBS
2022-01-10,nee,0.004532400410977204,OSBS
2022-01-11,nee,-0.005608026583117738,OSBS
2022-01-12,nee,-0.016491811760879955,OSBS
2022-01-13,nee,-0.0033680051989488915,OSBS
2022-01-14,nee,-0.004039260851473149,OSBS
2022-01-15,nee,-0.01358341237925013,OSBS
2022-01-16,nee,-0.002222068142032425,OSBS
2022-01-17,nee,-0.01062551400365315,OSBS
2022-01-18,nee,-0.008098336390998148,OSBS
2022-01-19,nee,-0.01294555284479996,OSBS
2022-01-20,nee,-0.00406822260175527,OSBS
2022-01-21,nee,0.01023442983154992,OSBS
2022-01-23,nee,-0.006894615180349514,OSBS
2022-01-24,nee,-0.008105897143768455,OSBS
2022-01-25,nee,-0.010890439907860237,OSBS
2022-01-27,nee,-0.0075413881384151366,OSBS
2022-01-28,nee,-4.7485821540918917e-4,OSBS
2022-01-29,nee,-0.003082033896907068,OSBS
2022-01-30,nee,-0.011006296584017085,OSBS
2022-01-31,nee,-0.01713294332782583,OSBS
2022-02-01,nee,-0.01611436727348375,OSBS
2022-02-02,nee,-0.0015892727968430174,OSBS
2022-02-03,nee,-0.007200558857974658,OSBS
2022-02-04,nee,-0.002339062885326725,OSBS
2022-02-08,nee,0.009638371352775092,OSBS
2022-02-16,nee,-0.009986099668051569,OSBS
2022-02-26,nee,-0.008847361788102241,OSBS
2022-02-27,nee,-0.01632428329892562,OSBS
2022-02-28,nee,0.004786527482806361,OSBS
2022-03-01,nee,-0.012866382134791552,OSBS
2022-03-02,nee,-0.013042486502714404,OSBS
2022-03-03,nee,-0.016278872896199375,OSBS
2022-03-04,nee,-0.0070477519540963745,OSBS
2022-03-05,nee,-0.008358962211516996,OSBS
2022-03-06,nee,-0.00415011762098543,OSBS
2022-03-07,nee,-0.0036967659548451798,OSBS
2022-03-08,nee,0.0016184209842725911,OSBS
2022-03-09,nee,0.01088228902429192,OSBS
2022-03-14,nee,-0.014237957128814704,OSBS
2022-03-15,nee,0.008139042223575126,OSBS
2022-03-16,nee,-0.023187996263846166,OSBS
2022-03-17,nee,-0.011561222526196251,OSBS
2022-03-18,nee,-0.018254063172906506,OSBS
2022-03-19,nee,-0.014244683607683804,OSBS
2022-03-20,nee,-0.002061691621601538,OSBS
2022-03-21,nee,-0.024708777451008586,OSBS
2022-03-22,nee,-0.01065163762331474,OSBS
2022-03-23,nee,0.012058622150635174,OSBS
2022-03-25,nee,0.0014338290447442768,OSBS
2022-03-30,nee,0.0016507679126227404,OSBS
2022-04-06,nee,0.02063898066082647,OSBS
2022-04-08,nee,0.007532746857760212,OSBS
2022-04-09,nee,-0.009596685875705257,OSBS
2022-04-10,nee,-0.010083306494763284,OSBS
2022-04-11,nee,-0.019219348274222982,OSBS
2022-04-12,nee,-0.005283669860047169,OSBS
2022-04-13,nee,0.01868657520736076,OSBS
2022-04-14,nee,-0.00888338489913559,OSBS
2022-04-15,nee,-0.013810513490099381,OSBS
2022-04-16,nee,-0.01780442362072534,OSBS
2022-04-17,nee,0.00618074467759017,OSBS
2022-04-18,nee,-0.005875455948422468,OSBS
2022-04-19,nee,-0.009286591589066617,OSBS
2022-04-20,nee,-0.028131689622481994,OSBS
2022-04-21,nee,-0.01979876680480707,OSBS
2022-04-22,nee,-0.02057191889672138,OSBS
2022-04-23,nee,-0.02333351339932806,OSBS
2022-04-24,nee,-0.014146963736069986,OSBS
2022-04-25,nee,-0.014435060840564633,OSBS
2022-04-26,nee,0.007905475293645952,OSBS
2022-09-21,nee,-0.01288914932899943,OSBS
2022-09-22,nee,0.017893568651773092,OSBS
2022-09-23,nee,0.0024115927192429397,OSBS
2022-09-24,nee,-0.01076812848235787,OSBS
2022-09-25,nee,-0.010609606819825357,OSBS
2022-09-26,nee,-0.018089878391975265,OSBS
2022-09-27,nee,-0.021522351318293848,OSBS
2022-09-28,nee,0.0341076094629578,OSBS
2022-09-29,nee,0.01526732524351962,OSBS
2022-09-30,nee,-0.0163126951101108,OSBS
2022-10-01,nee,-0.018574334262036137,OSBS
2022-10-02,nee,-0.004434330169277558,OSBS
2022-10-03,nee,-0.02219995059955818,OSBS
2022-10-04,nee,-0.02469376335118945,OSBS
2022-10-05,nee,-0.0011070342130454316,OSBS
2022-10-08,nee,-0.012267495666278248,OSBS
2022-10-09,nee,-0.020885691670500445,OSBS
2022-10-10,nee,-0.007521133884672906,OSBS
2022-10-13,nee,-0.005627631722233694,OSBS
2022-10-14,nee,-0.00859695577782319,OSBS
2022-10-15,nee,-0.0016129619418159945,OSBS
2022-10-16,nee,0.006129325889727021,OSBS
2022-10-17,nee,-0.003605030150410603,OSBS
2022-10-18,nee,-0.004621205889315132,OSBS
2022-10-19,nee,-0.0142440210834342,OSBS
2022-10-20,nee,-0.02295809607996308,OSBS
2022-10-21,nee,-0.022363657203053396,OSBS
2022-10-22,nee,-0.020903616613544104,OSBS
2022-10-23,nee,-0.009920327226905532,OSBS
2022-10-24,nee,-0.003726532539636487,OSBS
2022-10-25,nee,-0.0027816531510647317,OSBS
2022-10-26,nee,0.0025324396968823015,OSBS
2022-10-27,nee,-0.002632624098418769,OSBS
2022-10-28,nee,0.014594673423564105,OSBS
2022-10-29,nee,0.02040580906759911,OSBS
2022-10-30,nee,0.0032049486082107916,OSBS
2022-11-01,nee,0.005602813886648925,OSBS
2022-11-02,nee,-0.0029730076077810136,OSBS
2022-11-03,nee,0.003283339686176388,OSBS
2022-11-04,nee,-0.008578239276110807,OSBS
2022-11-06,nee,0.01893403786325073,OSBS
2022-11-25,nee,0.01061532654078802,OSBS
2022-11-26,nee,0.007374126723314552,OSBS
2022-11-27,nee,0.003843529724138279,OSBS
2022-11-28,nee,-0.008624371461651233,OSBS
2022-11-29,nee,0.011426368010203984,OSBS
2022-11-30,nee,0.004349343817593008,OSBS
2022-12-01,nee,-0.010193431428890929,OSBS
2022-12-02,nee,-0.011147958691822024,OSBS
2022-12-03,nee,-2.075906461544983e-4,OSBS
2022-12-04,nee,-0.0020499232317847346,OSBS
2022-12-05,nee,-0.004850854380261651,OSBS
2022-12-06,nee,0.0035660880058752194,OSBS
2022-12-07,nee,-0.0017083832019298615,OSBS
2022-12-08,nee,0.0034086151900831036,OSBS
2022-12-09,nee,-0.0014966085971055208,OSBS
2022-12-10,nee,-0.004115099397677585,OSBS
2022-12-11,nee,0.015550392931486901,OSBS
2022-12-12,nee,-0.006647475604175168,OSBS
2022-12-13,nee,-0.01490809645619065,OSBS
2022-12-14,nee,-3.3399870640463727e-4,OSBS
2022-12-15,nee,0.019114302915461397,OSBS
2022-12-16,nee,-0.01266867055744924,OSBS
2022-12-17,nee,-0.019577310751324985,OSBS
2022-12-18,nee,-0.0105023124524384,OSBS
2022-12-19,nee,-0.017277769307524785,OSBS
2022-12-20,nee,-1.488842700750621e-4,OSBS
2022-12-23,nee,0.0010043886214013494,OSBS
2022-12-24,nee,0.0025125711501479686,OSBS
2022-12-25,nee,3.702951153503868e-4,OSBS
2022-12-26,nee,-0.0034658971901632275,OSBS
2022-12-27,nee,-0.007589234781323417,OSBS
2022-12-28,nee,7.68212970733286e-5,OSBS
2022-12-29,nee,-0.0061271583233982255,OSBS
2022-12-30,nee,0.004575311374537095,OSBS
2022-12-31,nee,0.012334115275594276,OSBS
2023-01-01,nee,0.010034687160037881,OSBS
2023-01-02,nee,-0.011581516436861361,OSBS
2023-01-03,nee,0.0023017210778750415,OSBS
2023-01-04,nee,0.012727710135619675,OSBS
2023-01-05,nee,-0.004903713524585025,OSBS
2023-01-06,nee,-0.004531037754141621,OSBS
2023-01-08,nee,-0.008689947429447465,OSBS
2023-01-09,nee,-0.0065382740088644545,OSBS
2023-01-10,nee,-0.009824789961207137,OSBS
2023-01-12,nee,0.007291260605998635,OSBS
2023-01-13,nee,0.0019498337199603977,OSBS
2023-01-14,nee,-0.005797135802457939,OSBS
2023-01-15,nee,-0.006566495613636189,OSBS
2023-01-16,nee,-0.005117316989283527,OSBS
2023-01-17,nee,-0.0073863117432237,OSBS
2023-01-18,nee,-0.008311614622999485,OSBS
2023-01-19,nee,-0.0028820656131810984,OSBS
2023-01-20,nee,-0.0030619560316844296,OSBS
2023-01-21,nee,0.009687443919917887,OSBS
2023-01-28,nee,-0.007108264929133495,OSBS
2023-01-29,nee,2.7606684555082002e-5,OSBS
2023-01-30,nee,0.001968383558034634,OSBS
2023-01-31,nee,-0.007603570268429279,OSBS
2023-02-01,nee,-0.0017768942249105448,OSBS
2023-02-02,nee,-0.012690263055458575,OSBS
2023-02-03,nee,0.025584626011634734,OSBS
2023-03-16,nee,-0.001512100497672591,OSBS
2023-03-17,nee,0.018701711647676304,OSBS
2023-04-08,nee,-0.007245651092353397,OSBS
2023-04-10,nee,-0.012514770813609829,OSBS
2023-04-11,nee,-0.010101186875982271,OSBS
2023-04-16,nee,0.001257943642963282,OSBS
2023-04-17,nee,-0.009120091219516777,OSBS
2023-04-18,nee,-0.02316540039313223,OSBS
2023-04-19,nee,-0.03554499618303513,OSBS
2023-04-20,nee,-0.01776305466234401,OSBS
2023-04-21,nee,-0.009276110577080445,OSBS
2023-04-22,nee,-0.014416751995087906,OSBS
2023-04-23,nee,-0.029181747112379863,OSBS
2023-04-24,nee,-0.005900787291784159,OSBS
2023-04-25,nee,-0.010429513466774667,OSBS
2023-04-26,nee,-0.010198851701186498,OSBS
2023-04-27,nee,-0.004352836497263567,OSBS
2023-05-02,nee,-0.013992420191189856,OSBS
2023-05-03,nee,-0.004851396083025839,OSBS
2023-05-05,nee,-0.014926751527037724,OSBS
2023-05-06,nee,-0.015178057118415996,OSBS
2023-05-07,nee,-0.020462434767256805,OSBS
2023-05-08,nee,-0.009893606206932084,OSBS
2023-05-09,nee,-0.03729898500093895,OSBS
2023-05-10,nee,-0.008789888311251345,OSBS
2023-05-12,nee,-0.028785109958485947,OSBS
2023-05-13,nee,-0.01559631925992985,OSBS
2023-05-14,nee,-0.003179978747318411,OSBS
2023-05-15,nee,-0.02084450658727306,OSBS
2023-05-16,nee,-0.0018496974484102577,OSBS
2023-05-17,nee,-0.003413570217583944,OSBS
2023-05-18,nee,-0.020893782073992027,OSBS
2023-05-19,nee,-0.018250003704259065,OSBS
2023-05-20,nee,-0.004486827342710772,OSBS
2023-05-21,nee,-0.013233880353566372,OSBS
2023-05-23,nee,0.022815247743705688,OSBS
2023-05-24,nee,-0.010807750043037093,OSBS
2023-05-25,nee,-0.018563795700815545,OSBS
2023-05-26,nee,0.0017728561183632272,OSBS
2023-05-27,nee,-0.021767719901457254,OSBS
2023-05-28,nee,-0.02355668647538352,OSBS
2023-05-29,nee,-0.00896736244330828,OSBS
2023-05-30,nee,-0.024514552753034484,OSBS
2023-05-31,nee,-0.013234803150620696,OSBS
2023-06-01,nee,-0.008122356326040638,OSBS
2023-06-02,nee,-0.02137703803814529,OSBS
2023-06-03,nee,-0.019313357118194503,OSBS
2023-06-04,nee,-0.019875530405510697,OSBS
2023-06-05,nee,-0.01944424635980845,OSBS
2023-06-06,nee,-0.012395137242089935,OSBS
2023-06-07,nee,0.0020649022138180774,OSBS
2023-06-08,nee,-0.0013390952938562364,OSBS
2023-06-09,nee,0.010337220440955053,OSBS
2023-06-10,nee,0.001654036926261176,OSBS
2023-07-07,nee,-0.01226845855887941,OSBS
2023-07-08,nee,-0.0011207498385911656,OSBS
2023-07-09,nee,-0.0015785719247242648,OSBS
2023-07-10,nee,0.007214210978198733,OSBS
2023-07-11,nee,-0.0010551360016606867,OSBS
2023-07-12,nee,0.010589107549815898,OSBS
2023-07-28,nee,0.0016504040925143613,OSBS
2023-07-29,nee,0.010008543234511705,OSBS
2023-07-30,nee,0.006029293264871627,OSBS
2023-07-31,nee,0.02319756517328007,OSBS
2023-08-01,nee,-0.0013097448420910218,OSBS
2023-08-02,nee,-0.016739968807691036,OSBS
2023-08-03,nee,0.025219599606459683,OSBS
2023-08-04,nee,0.01818867719246248,OSBS
2023-08-05,nee,-0.01532959730714056,OSBS
2023-08-06,nee,8.649877953162985e-4,OSBS
2023-08-07,nee,0.00108598109102322,OSBS
2023-08-08,nee,0.0070119358117644234,OSBS
2023-08-09,nee,-0.0010414601646798886,OSBS
2023-08-10,nee,0.004589151721966037,OSBS
2023-08-11,nee,0.0027882418325716946,OSBS
2023-08-12,nee,-0.01656308327562593,OSBS
2023-08-13,nee,0.0011195354722329377,OSBS
2023-08-14,nee,0.0054547680741012,OSBS
2023-08-15,nee,1.0220776551521539e-4,OSBS
2023-08-16,nee,0.02512724131475501,OSBS
2023-08-19,nee,0.0013336557172684987,OSBS
2023-08-20,nee,0.009503484798903929,OSBS
2023-08-21,nee,0.006429937646684179,OSBS
2023-08-22,nee,-0.048162310843311254,OSBS
2023-08-23,nee,0.0028589288820921916,OSBS
2023-08-24,nee,-0.00918348847939279,OSBS
2023-08-25,nee,-0.0183187741600648,OSBS
2023-08-26,nee,-0.003791465216976418,OSBS
2023-08-27,nee,-0.02802735195687752,OSBS
2023-08-28,nee,-0.020933442400612436,OSBS
2023-08-29,nee,0.0014356519371481022,OSBS
2023-08-30,nee,-0.004605457158905991,OSBS
2023-08-31,nee,0.0013277865869766687,OSBS
2023-09-01,nee,0.028799941165211278,OSBS
2023-09-02,nee,-0.001195097247026424,OSBS
2023-09-03,nee,-0.00414887700490581,OSBS
2023-09-04,nee,-0.013636040251257584,OSBS
2023-09-05,nee,-0.026384116928136494,OSBS
2023-09-06,nee,-0.009390531228021285,OSBS
2023-09-07,nee,-0.0016351964353367148,OSBS
2023-09-08,nee,-6.867396658913609e-4,OSBS
2023-09-10,nee,-0.015436609218893895,OSBS
2023-09-11,nee,-0.013572191833188196,OSBS
2023-09-12,nee,-0.02160608671390391,OSBS
2023-09-13,nee,-0.011305048055554847,OSBS
2023-09-14,nee,-9.497494770723345e-4,OSBS
2023-09-16,nee,-0.018094714352397123,OSBS
2023-09-18,nee,-0.017706032553846483,OSBS
2023-09-19,nee,-0.008842739243243148,OSBS
2023-09-20,nee,0.001140250778093157,OSBS
2023-09-22,nee,-0.016549323848806936,OSBS
2023-09-23,nee,-0.011191233994012095,OSBS
2023-09-24,nee,-0.007451151134949044,OSBS
2023-09-25,nee,-0.011581007069017673,OSBS
2023-09-26,nee,0.008415509303097752,OSBS
2023-09-27,nee,0.016544903088234933,OSBS
2023-09-28,nee,0.02859269741446049,OSBS
2023-09-29,nee,-0.004278767073868322,OSBS
2023-09-30,nee,0.004813274394628545,OSBS
2023-10-01,nee,-0.0018321442018047623,OSBS
2023-10-02,nee,-0.014069479996759228,OSBS
2023-10-03,nee,-0.007887449155837205,OSBS
2023-10-04,nee,1.190938168314289e-4,OSBS
2023-10-05,nee,0.010431184249920924,OSBS
2023-10-07,nee,-5.219999341220507e-4,OSBS
2023-10-08,nee,-0.014722468201891615,OSBS
2023-10-09,nee,-0.029630521206402145,OSBS
2023-10-10,nee,-0.03073732309898055,OSBS
2023-10-11,nee,0.032452668933007287,OSBS
2023-10-13,nee,0.011854697737624119,OSBS
2023-10-14,nee,0.0048771130740544255,OSBS
2023-10-15,nee,-0.007248556558060164,OSBS
2023-10-16,nee,-0.01030406619337541,OSBS
2023-10-17,nee,-0.018547386223068053,OSBS
2023-10-18,nee,-0.020753684037845815,OSBS
2023-10-19,nee,0.008367920216457105,OSBS
2023-10-20,nee,-0.014307342074406454,OSBS
2023-10-21,nee,-0.009261029254814968,OSBS
2023-10-22,nee,-0.014109557382545566,OSBS
2023-10-23,nee,-0.00810232616049996,OSBS
2023-11-24,nee,0.002338974073258621,OSBS
2023-11-25,nee,-0.012905056325229735,OSBS
2023-11-26,nee,0.032037528520011925,OSBS
2023-11-28,nee,-0.0059437094257878565,OSBS
2023-11-29,nee,-0.010733463384536363,OSBS
2023-11-30,nee,-0.008695725430317023,OSBS
2023-12-01,nee,-0.00837075480656334,OSBS
2023-12-02,nee,0.017618299791539255,OSBS
2023-12-03,nee,0.023396559652384838,OSBS
2023-12-04,nee,0.012714081342162828,OSBS
2023-12-05,nee,-0.006191672024959925,OSBS
2023-12-06,nee,-0.008762523367878671,OSBS
2023-12-07,nee,-0.01015751118711279,OSBS
2023-12-19,nee,-0.007974931695033988,OSBS
2023-12-20,nee,-0.010573002352318924,OSBS
2023-12-21,nee,-0.00739711073683137,OSBS
2023-12-22,nee,-0.001955528663020806,OSBS
2023-12-23,nee,-0.0019213378034523816,OSBS
2023-12-24,nee,0.002074324276524223,OSBS
2023-12-25,nee,0.02167134918297991,OSBS
2023-12-26,nee,0.0030236411953191503,OSBS
2023-12-27,nee,0.008901594349194426,OSBS
2023-12-28,nee,0.012615720074965156,OSBS
2023-12-29,nee,-0.009469150392122016,OSBS
2023-12-30,nee,-0.017443885933934793,OSBS
2023-12-31,nee,-0.01959659206982074,OSBS
2024-01-01,nee,-0.01299398337153712,OSBS
